-- ════════════════════════════════════════════════════════════════════════
-- Swap — seed data
-- Run AFTER 0001_schema, 0002_rls, 0003_storage.
--
-- Idempotent: safe to run multiple times (ON CONFLICT DO NOTHING).
-- The fixed UUIDs here MATCH packages/config (countries/cities/categories),
-- so the app constants and the database never drift.
--
-- Contents: 12 demo users (1 admin, 6 verified) across the GCC, 44 listings
-- (active/hidden/completed/removed, some verified/featured) with images,
-- follows, saved listings, 8 conversations + messages, reports, verification
-- requests (varied statuses), and admin-action audit examples.
--
-- Demo auth users are created with password:  Swap1234!  (DEVELOPMENT ONLY —
-- emails are *.demo; never use these credentials in production).
-- ════════════════════════════════════════════════════════════════════════

-- ── Countries ───────────────────────────────────────────────────────────
insert into public.countries (id, name_ar, name_en, iso_code, phone_code, currency_code, timezone, sort_order) values
  ('11111111-1111-4111-8111-000000000001','السعودية','Saudi Arabia','SA','+966','SAR','Asia/Riyadh',1),
  ('11111111-1111-4111-8111-000000000002','الإمارات العربية المتحدة','United Arab Emirates','AE','+971','AED','Asia/Dubai',2),
  ('11111111-1111-4111-8111-000000000003','قطر','Qatar','QA','+974','QAR','Asia/Qatar',3),
  ('11111111-1111-4111-8111-000000000004','الكويت','Kuwait','KW','+965','KWD','Asia/Kuwait',4),
  ('11111111-1111-4111-8111-000000000005','البحرين','Bahrain','BH','+973','BHD','Asia/Bahrain',5),
  ('11111111-1111-4111-8111-000000000006','عُمان','Oman','OM','+968','OMR','Asia/Muscat',6)
on conflict (id) do nothing;

-- ── Cities ──────────────────────────────────────────────────────────────
insert into public.cities (id, country_id, name_ar, name_en, slug, sort_order) values
  ('22222222-2222-4222-8222-000000000001','11111111-1111-4111-8111-000000000001','الرياض','Riyadh','riyadh',1),
  ('22222222-2222-4222-8222-000000000002','11111111-1111-4111-8111-000000000001','جدة','Jeddah','jeddah',2),
  ('22222222-2222-4222-8222-000000000003','11111111-1111-4111-8111-000000000001','مكة المكرمة','Makkah','makkah',3),
  ('22222222-2222-4222-8222-000000000004','11111111-1111-4111-8111-000000000001','المدينة المنورة','Madinah','madinah',4),
  ('22222222-2222-4222-8222-000000000005','11111111-1111-4111-8111-000000000001','الدمام','Dammam','dammam',5),
  ('22222222-2222-4222-8222-000000000006','11111111-1111-4111-8111-000000000001','الخبر','Khobar','khobar',6),
  ('22222222-2222-4222-8222-000000000007','11111111-1111-4111-8111-000000000001','الطائف','Taif','taif',7),
  ('22222222-2222-4222-8222-000000000008','11111111-1111-4111-8111-000000000001','أبها','Abha','abha',8),
  ('22222222-2222-4222-8222-000000000009','11111111-1111-4111-8111-000000000002','دبي','Dubai','dubai',9),
  ('22222222-2222-4222-8222-000000000010','11111111-1111-4111-8111-000000000002','أبوظبي','Abu Dhabi','abu-dhabi',10),
  ('22222222-2222-4222-8222-000000000011','11111111-1111-4111-8111-000000000002','الشارقة','Sharjah','sharjah',11),
  ('22222222-2222-4222-8222-000000000012','11111111-1111-4111-8111-000000000002','عجمان','Ajman','ajman',12),
  ('22222222-2222-4222-8222-000000000013','11111111-1111-4111-8111-000000000002','رأس الخيمة','Ras Al Khaimah','ras-al-khaimah',13),
  ('22222222-2222-4222-8222-000000000014','11111111-1111-4111-8111-000000000002','الفجيرة','Fujairah','fujairah',14),
  ('22222222-2222-4222-8222-000000000015','11111111-1111-4111-8111-000000000002','أم القيوين','Umm Al Quwain','umm-al-quwain',15),
  ('22222222-2222-4222-8222-000000000016','11111111-1111-4111-8111-000000000003','الدوحة','Doha','doha',16),
  ('22222222-2222-4222-8222-000000000017','11111111-1111-4111-8111-000000000003','الريان','Al Rayyan','al-rayyan',17),
  ('22222222-2222-4222-8222-000000000018','11111111-1111-4111-8111-000000000003','الوكرة','Al Wakrah','al-wakrah',18),
  ('22222222-2222-4222-8222-000000000019','11111111-1111-4111-8111-000000000003','لوسيل','Lusail','lusail',19),
  ('22222222-2222-4222-8222-000000000020','11111111-1111-4111-8111-000000000004','مدينة الكويت','Kuwait City','kuwait-city',20),
  ('22222222-2222-4222-8222-000000000021','11111111-1111-4111-8111-000000000004','حولي','Hawalli','hawalli',21),
  ('22222222-2222-4222-8222-000000000022','11111111-1111-4111-8111-000000000004','السالمية','Salmiya','salmiya',22),
  ('22222222-2222-4222-8222-000000000023','11111111-1111-4111-8111-000000000004','الفروانية','Farwaniya','farwaniya',23),
  ('22222222-2222-4222-8222-000000000024','11111111-1111-4111-8111-000000000005','المنامة','Manama','manama',24),
  ('22222222-2222-4222-8222-000000000025','11111111-1111-4111-8111-000000000005','المحرق','Muharraq','muharraq',25),
  ('22222222-2222-4222-8222-000000000026','11111111-1111-4111-8111-000000000005','الرفاع','Riffa','riffa',26),
  ('22222222-2222-4222-8222-000000000027','11111111-1111-4111-8111-000000000005','مدينة عيسى','Isa Town','isa-town',27),
  ('22222222-2222-4222-8222-000000000028','11111111-1111-4111-8111-000000000006','مسقط','Muscat','muscat',28),
  ('22222222-2222-4222-8222-000000000029','11111111-1111-4111-8111-000000000006','صلالة','Salalah','salalah',29),
  ('22222222-2222-4222-8222-000000000030','11111111-1111-4111-8111-000000000006','صحار','Sohar','sohar',30),
  ('22222222-2222-4222-8222-000000000031','11111111-1111-4111-8111-000000000006','نزوى','Nizwa','nizwa',31)
on conflict (id) do nothing;

-- ── Categories ──────────────────────────────────────────────────────────
insert into public.categories (id, name_ar, name_en, slug, icon, sort_order) values
  ('33333333-3333-4333-8333-000000000001','إلكترونيات','Electronics','electronics','electronics',1),
  ('33333333-3333-4333-8333-000000000002','أثاث','Furniture','furniture','furniture',2),
  ('33333333-3333-4333-8333-000000000003','سيارات','Cars','cars','cars',3),
  ('33333333-3333-4333-8333-000000000004','أجهزة منزلية','Home appliances','home-appliances','appliances',4),
  ('33333333-3333-4333-8333-000000000005','ملابس','Clothing','clothing','clothing',5),
  ('33333333-3333-4333-8333-000000000006','ساعات','Watches','watches','watches',6),
  ('33333333-3333-4333-8333-000000000007','ألعاب','Toys','toys','toys',7),
  ('33333333-3333-4333-8333-000000000008','معدات رياضية','Sports equipment','sports','sports',8),
  ('33333333-3333-4333-8333-000000000009','أخرى','Other','other','other',9)
on conflict (id) do nothing;

-- ════════════════════════════════════════════════════════════════════════
-- Demo auth users  (password for all: Swap1234!)
-- Inserting into auth.users fires handle_new_user() which creates the profile.
-- ════════════════════════════════════════════════════════════════════════
insert into auth.users
  (instance_id, id, aud, role, email, encrypted_password, email_confirmed_at,
   created_at, updated_at, raw_app_meta_data, raw_user_meta_data,
   confirmation_token, recovery_token, email_change_token_new, email_change)
values
  ('00000000-0000-0000-0000-000000000000','aaaaaaaa-aaaa-4aaa-8aaa-000000000001','authenticated','authenticated','ahmed@swap.demo', crypt('Swap1234!', gen_salt('bf')), now(), now(), now(), '{"provider":"email","providers":["email"]}','{"full_name":"أحمد العتيبي","username":"ahmed","phone":"+966500000001","preferred_language":"ar"}','','','',''),
  ('00000000-0000-0000-0000-000000000000','aaaaaaaa-aaaa-4aaa-8aaa-000000000002','authenticated','authenticated','sara@swap.demo',  crypt('Swap1234!', gen_salt('bf')), now(), now(), now(), '{"provider":"email","providers":["email"]}','{"full_name":"سارة القحطاني","username":"sara","phone":"+966500000002","preferred_language":"ar"}','','','',''),
  ('00000000-0000-0000-0000-000000000000','aaaaaaaa-aaaa-4aaa-8aaa-000000000003','authenticated','authenticated','khalid@swap.demo',crypt('Swap1234!', gen_salt('bf')), now(), now(), now(), '{"provider":"email","providers":["email"]}','{"full_name":"خالد المنصوري","username":"khalid","phone":"+971500000003","preferred_language":"ar"}','','','',''),
  ('00000000-0000-0000-0000-000000000000','aaaaaaaa-aaaa-4aaa-8aaa-000000000004','authenticated','authenticated','fatima@swap.demo',crypt('Swap1234!', gen_salt('bf')), now(), now(), now(), '{"provider":"email","providers":["email"]}','{"full_name":"فاطمة آل ثاني","username":"fatima","phone":"+974500000004","preferred_language":"ar"}','','','',''),
  ('00000000-0000-0000-0000-000000000000','aaaaaaaa-aaaa-4aaa-8aaa-000000000005','authenticated','authenticated','omar@swap.demo',  crypt('Swap1234!', gen_salt('bf')), now(), now(), now(), '{"provider":"email","providers":["email"]}','{"full_name":"عمر الصباح","username":"omar","phone":"+965500000005","preferred_language":"en"}','','','',''),
  ('00000000-0000-0000-0000-000000000000','aaaaaaaa-aaaa-4aaa-8aaa-000000000006','authenticated','authenticated','noura@swap.demo', crypt('Swap1234!', gen_salt('bf')), now(), now(), now(), '{"provider":"email","providers":["email"]}','{"full_name":"نورة الدوسري","username":"noura","phone":"+966500000006","preferred_language":"ar"}','','','',''),
  ('00000000-0000-0000-0000-000000000000','aaaaaaaa-aaaa-4aaa-8aaa-000000000007','authenticated','authenticated','yousef@swap.demo',crypt('Swap1234!', gen_salt('bf')), now(), now(), now(), '{"provider":"email","providers":["email"]}','{"full_name":"يوسف النعيمي","username":"yousef","phone":"+971500000007","preferred_language":"en"}','','','',''),
  ('00000000-0000-0000-0000-000000000000','aaaaaaaa-aaaa-4aaa-8aaa-000000000008','authenticated','authenticated','mariam@swap.demo',crypt('Swap1234!', gen_salt('bf')), now(), now(), now(), '{"provider":"email","providers":["email"]}','{"full_name":"مريم الخليفة","username":"mariam","phone":"+973500000008","preferred_language":"ar"}','','','',''),
  ('00000000-0000-0000-0000-000000000000','aaaaaaaa-aaaa-4aaa-8aaa-000000000009','authenticated','authenticated','salem@swap.demo', crypt('Swap1234!', gen_salt('bf')), now(), now(), now(), '{"provider":"email","providers":["email"]}','{"full_name":"سالم البلوشي","username":"salem","phone":"+968500000009","preferred_language":"en"}','','','',''),
  ('00000000-0000-0000-0000-000000000000','aaaaaaaa-aaaa-4aaa-8aaa-000000000010','authenticated','authenticated','huda@swap.demo',  crypt('Swap1234!', gen_salt('bf')), now(), now(), now(), '{"provider":"email","providers":["email"]}','{"full_name":"هدى آل ثاني","username":"huda","phone":"+974500000010","preferred_language":"ar"}','','','',''),
  ('00000000-0000-0000-0000-000000000000','aaaaaaaa-aaaa-4aaa-8aaa-000000000011','authenticated','authenticated','tariq@swap.demo', crypt('Swap1234!', gen_salt('bf')), now(), now(), now(), '{"provider":"email","providers":["email"]}','{"full_name":"طارق العنزي","username":"tariq","phone":"+965500000011","preferred_language":"en"}','','','',''),
  ('00000000-0000-0000-0000-000000000000','aaaaaaaa-aaaa-4aaa-8aaa-000000000012','authenticated','authenticated','layla@swap.demo', crypt('Swap1234!', gen_salt('bf')), now(), now(), now(), '{"provider":"email","providers":["email"]}','{"full_name":"ليلى المرر","username":"layla","phone":"+971500000012","preferred_language":"ar"}','','','','')
on conflict (id) do nothing;

-- Enrich the auto-created profiles with country/city/verification/admin/bio.
update public.profiles set country_id='11111111-1111-4111-8111-000000000001', city_id='22222222-2222-4222-8222-000000000001', is_verified=true,  is_admin=true,  bio='مهتم بتبادل الإلكترونيات والساعات.', avatar_url='https://i.pravatar.cc/150?img=12' where id='aaaaaaaa-aaaa-4aaa-8aaa-000000000001';
update public.profiles set country_id='11111111-1111-4111-8111-000000000001', city_id='22222222-2222-4222-8222-000000000002', is_verified=true,  is_admin=false, bio='أبادل الأثاث والأجهزة المنزلية.',      avatar_url='https://i.pravatar.cc/150?img=45' where id='aaaaaaaa-aaaa-4aaa-8aaa-000000000002';
update public.profiles set country_id='11111111-1111-4111-8111-000000000002', city_id='22222222-2222-4222-8222-000000000009', is_verified=false, is_admin=false, bio='Furniture and home items in Dubai.',   avatar_url='https://i.pravatar.cc/150?img=33' where id='aaaaaaaa-aaaa-4aaa-8aaa-000000000003';
update public.profiles set country_id='11111111-1111-4111-8111-000000000003', city_id='22222222-2222-4222-8222-000000000016', is_verified=true,  is_admin=false, bio='تبادل الأجهزة والإلكترونيات في الدوحة.', avatar_url='https://i.pravatar.cc/150?img=47' where id='aaaaaaaa-aaaa-4aaa-8aaa-000000000004';
update public.profiles set country_id='11111111-1111-4111-8111-000000000004', city_id='22222222-2222-4222-8222-000000000020', is_verified=false, is_admin=false, bio='Electronics and appliances in Kuwait.', avatar_url='https://i.pravatar.cc/150?img=14' where id='aaaaaaaa-aaaa-4aaa-8aaa-000000000005';
update public.profiles set country_id='11111111-1111-4111-8111-000000000001', city_id='22222222-2222-4222-8222-000000000005', is_verified=true,  is_admin=false, bio='مهتمة بالكاميرات والكتب.',               avatar_url='https://i.pravatar.cc/150?img=5'  where id='aaaaaaaa-aaaa-4aaa-8aaa-000000000006';
update public.profiles set country_id='11111111-1111-4111-8111-000000000002', city_id='22222222-2222-4222-8222-000000000010', is_verified=false, is_admin=false, bio='Tools and car parts in Abu Dhabi.',     avatar_url='https://i.pravatar.cc/150?img=8'  where id='aaaaaaaa-aaaa-4aaa-8aaa-000000000007';
update public.profiles set country_id='11111111-1111-4111-8111-000000000005', city_id='22222222-2222-4222-8222-000000000024', is_verified=true,  is_admin=false, bio='أبادل مستلزمات المنزل والعناية.',         avatar_url='https://i.pravatar.cc/150?img=20' where id='aaaaaaaa-aaaa-4aaa-8aaa-000000000008';
update public.profiles set country_id='11111111-1111-4111-8111-000000000006', city_id='22222222-2222-4222-8222-000000000028', is_verified=false, is_admin=false, bio='Pets, office gear and more in Muscat.',  avatar_url='https://i.pravatar.cc/150?img=51' where id='aaaaaaaa-aaaa-4aaa-8aaa-000000000009';
update public.profiles set country_id='11111111-1111-4111-8111-000000000003', city_id='22222222-2222-4222-8222-000000000017', is_verified=false, is_admin=false, bio='أثاث وأجهزة في الريان.',                 avatar_url='https://i.pravatar.cc/150?img=32' where id='aaaaaaaa-aaaa-4aaa-8aaa-000000000010';
update public.profiles set country_id='11111111-1111-4111-8111-000000000004', city_id='22222222-2222-4222-8222-000000000021', is_verified=false, is_admin=false, bio='Gaming and auto parts in Hawalli.',     avatar_url='https://i.pravatar.cc/150?img=60' where id='aaaaaaaa-aaaa-4aaa-8aaa-000000000011';
update public.profiles set country_id='11111111-1111-4111-8111-000000000002', city_id='22222222-2222-4222-8222-000000000011', is_verified=true,  is_admin=false, bio='أزياء وإكسسوارات وآلات موسيقية.',         avatar_url='https://i.pravatar.cc/150?img=48' where id='aaaaaaaa-aaaa-4aaa-8aaa-000000000012';

-- ════════════════════════════════════════════════════════════════════════
-- Demo listings (12)
-- ════════════════════════════════════════════════════════════════════════
insert into public.listings (id, owner_id, category_id, country_id, city_id, title, description, condition, wanted_exchange, status, is_verified_item, is_featured, view_count) values
  ('44444444-4444-4444-8444-000000000001','aaaaaaaa-aaaa-4aaa-8aaa-000000000001','33333333-3333-4333-8333-000000000001','11111111-1111-4111-8111-000000000001','22222222-2222-4222-8222-000000000001','آيفون 14 برو','آيفون 14 برو 256 جيجابايت بحالة ممتازة مع العلبة.','used','جهاز سامسونج S23 أو لابتوب','active',true,true,142),
  ('44444444-4444-4444-8444-000000000002','aaaaaaaa-aaaa-4aaa-8aaa-000000000002','33333333-3333-4333-8333-000000000004','11111111-1111-4111-8111-000000000001','22222222-2222-4222-8222-000000000002','غسالة أوتوماتيك','غسالة 8 كيلو تعمل بكفاءة، نظيفة جدًا.','used','ثلاجة أو مايكروويف','active',false,false,58),
  ('44444444-4444-4444-8444-000000000003','aaaaaaaa-aaaa-4aaa-8aaa-000000000003','33333333-3333-4333-8333-000000000002','11111111-1111-4111-8111-000000000002','22222222-2222-4222-8222-000000000009','طقم غرفة نوم','طقم غرفة نوم خشب كامل بحالة جيدة.','used','أثاث مجلس أو طاولة طعام','active',false,true,77),
  ('44444444-4444-4444-8444-000000000004','aaaaaaaa-aaaa-4aaa-8aaa-000000000004','33333333-3333-4333-8333-000000000004','11111111-1111-4111-8111-000000000003','22222222-2222-4222-8222-000000000016','مكيف سبليت','مكيف سبليت 18000 وحدة بارد، شغال بكفاءة عالية.','used','غسالة فل أوتوماتيك','active',true,false,91),
  ('44444444-4444-4444-8444-000000000005','aaaaaaaa-aaaa-4aaa-8aaa-000000000005','33333333-3333-4333-8333-000000000001','11111111-1111-4111-8111-000000000004','22222222-2222-4222-8222-000000000020','لابتوب','Dell XPS 13 laptop, 16GB RAM, great condition.','used','iPad Pro or gaming console','active',false,false,64),
  ('44444444-4444-4444-8444-000000000006','aaaaaaaa-aaaa-4aaa-8aaa-000000000001','33333333-3333-4333-8333-000000000006','11111111-1111-4111-8111-000000000001','22222222-2222-4222-8222-000000000001','ساعة يد فاخرة','ساعة يد بحالة الجديد مع الضمان.','new','ساعة أخرى أو سماعات','active',false,false,39),
  ('44444444-4444-4444-8444-000000000007','aaaaaaaa-aaaa-4aaa-8aaa-000000000002','33333333-3333-4333-8333-000000000008','11111111-1111-4111-8111-000000000001','22222222-2222-4222-8222-000000000002','دراجة هوائية','دراجة جبلية مقاس 27.5، استخدام خفيف.','used','دراجة كهربائية أو معدات رياضية','active',false,false,27),
  ('44444444-4444-4444-8444-000000000008','aaaaaaaa-aaaa-4aaa-8aaa-000000000003','33333333-3333-4333-8333-000000000002','11111111-1111-4111-8111-000000000002','22222222-2222-4222-8222-000000000009','كنبة مجلس','كنبة 3 مقاعد لون رمادي، مريحة ونظيفة.','used','طاولة طعام أو مكتب','active',false,false,45),
  ('44444444-4444-4444-8444-000000000009','aaaaaaaa-aaaa-4aaa-8aaa-000000000004','33333333-3333-4333-8333-000000000001','11111111-1111-4111-8111-000000000003','22222222-2222-4222-8222-000000000016','بلايستيشن 5','جهاز بلايستيشن 5 مع يدين وألعاب.','used','إكس بوكس أو لابتوب','active',false,true,118),
  ('44444444-4444-4444-8444-000000000010','aaaaaaaa-aaaa-4aaa-8aaa-000000000005','33333333-3333-4333-8333-000000000004','11111111-1111-4111-8111-000000000004','22222222-2222-4222-8222-000000000020','ماكينة قهوة','Espresso coffee machine, barely used.','used','Air fryer or blender','active',false,false,33),
  ('44444444-4444-4444-8444-000000000011','aaaaaaaa-aaaa-4aaa-8aaa-000000000001','33333333-3333-4333-8333-000000000007','11111111-1111-4111-8111-000000000001','22222222-2222-4222-8222-000000000001','عربة أطفال','عربة أطفال قابلة للطي، بحالة ممتازة.','used','كرسي سيارة للأطفال','active',false,false,21),
  ('44444444-4444-4444-8444-000000000012','aaaaaaaa-aaaa-4aaa-8aaa-000000000002','33333333-3333-4333-8333-000000000002','11111111-1111-4111-8111-000000000001','22222222-2222-4222-8222-000000000002','كرسي مكتب','كرسي مكتب طبي مريح للظهر.','new','كرسي قيمنق أو مكتب','active',true,false,52),
  ('44444444-4444-4444-8444-000000000013','aaaaaaaa-aaaa-4aaa-8aaa-000000000006','33333333-3333-4333-8333-000000000010','11111111-1111-4111-8111-000000000001','22222222-2222-4222-8222-000000000005','سامسونج جالكسي S23','جهاز نظيف مع كامل ملحقاته.','used','آيفون أو فرق','active',false,false,73),
  ('44444444-4444-4444-8444-000000000014','aaaaaaaa-aaaa-4aaa-8aaa-000000000007','33333333-3333-4333-8333-000000000011','11111111-1111-4111-8111-000000000002','22222222-2222-4222-8222-000000000010','ماك بوك اير M2','MacBook Air M2, like new, with charger.','used','Gaming laptop','active',true,true,156),
  ('44444444-4444-4444-8444-000000000015','aaaaaaaa-aaaa-4aaa-8aaa-000000000008','33333333-3333-4333-8333-000000000004','11111111-1111-4111-8111-000000000005','22222222-2222-4222-8222-000000000024','ثلاجة إل جي','ثلاجة بابين، بحالة جيدة.','used','غسالة أوتوماتيك','active',false,false,41),
  ('44444444-4444-4444-8444-000000000016','aaaaaaaa-aaaa-4aaa-8aaa-000000000009','33333333-3333-4333-8333-000000000003','11111111-1111-4111-8111-000000000006','22222222-2222-4222-8222-000000000028','تويوتا كامري 2018','Toyota Camry 2018, well maintained.','used','Smaller car + cash','hidden',false,false,210),
  ('44444444-4444-4444-8444-000000000017','aaaaaaaa-aaaa-4aaa-8aaa-000000000010','33333333-3333-4333-8333-000000000002','11111111-1111-4111-8111-000000000003','22222222-2222-4222-8222-000000000017','طاولة طعام','طاولة طعام 6 كراسي خشب زان.','used','مكتب دراسة','active',false,false,33),
  ('44444444-4444-4444-8444-000000000018','aaaaaaaa-aaaa-4aaa-8aaa-000000000011','33333333-3333-4333-8333-000000000012','11111111-1111-4111-8111-000000000004','22222222-2222-4222-8222-000000000021','إكس بوكس سيريس X','Xbox Series X with 2 controllers.','used','PlayStation 5','active',false,true,98),
  ('44444444-4444-4444-8444-000000000019','aaaaaaaa-aaaa-4aaa-8aaa-000000000012','33333333-3333-4333-8333-000000000005','11111111-1111-4111-8111-000000000002','22222222-2222-4222-8222-000000000011','حقيبة وساعة','طقم حقيبة يد وساعة جديد.','new','إكسسوارات','active',false,false,27),
  ('44444444-4444-4444-8444-000000000020','aaaaaaaa-aaaa-4aaa-8aaa-000000000001','33333333-3333-4333-8333-000000000022','11111111-1111-4111-8111-000000000001','22222222-2222-4222-8222-000000000001','كاميرا كانون','Canon DSLR with kit lens.','used','عدسة أو درون','active',true,false,64),
  ('44444444-4444-4444-8444-000000000021','aaaaaaaa-aaaa-4aaa-8aaa-000000000002','33333333-3333-4333-8333-000000000013','11111111-1111-4111-8111-000000000001','22222222-2222-4222-8222-000000000002','طقم جلسة حديقة','طاولة و4 كراسي للحديقة.','used','أثاث داخلي','active',false,false,19),
  ('44444444-4444-4444-8444-000000000022','aaaaaaaa-aaaa-4aaa-8aaa-000000000003','33333333-3333-4333-8333-000000000006','11111111-1111-4111-8111-000000000002','22222222-2222-4222-8222-000000000009','ساعة فاخرة','ساعة سويسرية أصلية بالكرت.','new','ساعة أخرى','active',false,false,88),
  ('44444444-4444-4444-8444-000000000023','aaaaaaaa-aaaa-4aaa-8aaa-000000000004','33333333-3333-4333-8333-000000000016','11111111-1111-4111-8111-000000000003','22222222-2222-4222-8222-000000000016','سرير أطفال','سرير أطفال خشب مع مرتبة.','used','عربة أطفال','active',false,false,22),
  ('44444444-4444-4444-8444-000000000024','aaaaaaaa-aaaa-4aaa-8aaa-000000000005','33333333-3333-4333-8333-000000000008','11111111-1111-4111-8111-000000000004','22222222-2222-4222-8222-000000000020','جهاز مشي كهربائي','Treadmill, foldable, barely used.','used','دراجة ثابتة','active',false,false,45),
  ('44444444-4444-4444-8444-000000000025','aaaaaaaa-aaaa-4aaa-8aaa-000000000006','33333333-3333-4333-8333-000000000017','11111111-1111-4111-8111-000000000001','22222222-2222-4222-8222-000000000005','مجموعة كتب','مجموعة روايات عربية وإنجليزية.','used','كتب أخرى','active',false,false,12),
  ('44444444-4444-4444-8444-000000000026','aaaaaaaa-aaaa-4aaa-8aaa-000000000007','33333333-3333-4333-8333-000000000018','11111111-1111-4111-8111-000000000002','22222222-2222-4222-8222-000000000054','عدة أدوات','Tool set with drill.','used','منشار كهربائي','active',false,false,30),
  ('44444444-4444-4444-8444-000000000027','aaaaaaaa-aaaa-4aaa-8aaa-000000000008','33333333-3333-4333-8333-000000000019','11111111-1111-4111-8111-000000000005','22222222-2222-4222-8222-000000000026','جهاز عناية بالبشرة','جهاز جديد لم يستخدم.','new','منتجات عناية','active',false,false,15),
  ('44444444-4444-4444-8444-000000000028','aaaaaaaa-aaaa-4aaa-8aaa-000000000009','33333333-3333-4333-8333-000000000020','11111111-1111-4111-8111-000000000006','22222222-2222-4222-8222-000000000029','قفص طيور كبير','قفص واسع مع ملحقات.','used','مستلزمات حيوانات','active',false,false,9),
  ('44444444-4444-4444-8444-000000000029','aaaaaaaa-aaaa-4aaa-8aaa-000000000010','33333333-3333-4333-8333-000000000014','11111111-1111-4111-8111-000000000003','22222222-2222-4222-8222-000000000018','دباب سياحي','دباب بحالة ممتازة.','used','دراجة كهربائية','active',false,false,132),
  ('44444444-4444-4444-8444-000000000030','aaaaaaaa-aaaa-4aaa-8aaa-000000000011','33333333-3333-4333-8333-000000000015','11111111-1111-4111-8111-000000000004','22222222-2222-4222-8222-000000000022','جنوط رياضية','مقاس 18 بحالة جيدة.','used','إطارات','active',false,false,28),
  ('44444444-4444-4444-8444-000000000031','aaaaaaaa-aaaa-4aaa-8aaa-000000000012','33333333-3333-4333-8333-000000000021','11111111-1111-4111-8111-000000000002','22222222-2222-4222-8222-000000000011','جيتار كلاسيكي','جيتار بحالة ممتازة مع الشنطة.','used','بيانو رقمي','active',false,false,24),
  ('44444444-4444-4444-8444-000000000032','aaaaaaaa-aaaa-4aaa-8aaa-000000000001','33333333-3333-4333-8333-000000000007','11111111-1111-4111-8111-000000000001','22222222-2222-4222-8222-000000000001','مجموعة ليغو','مجموعة ليغو كبيرة كاملة.','used','ألعاب أخرى','active',false,false,18),
  ('44444444-4444-4444-8444-000000000033','aaaaaaaa-aaaa-4aaa-8aaa-000000000002','33333333-3333-4333-8333-000000000001','11111111-1111-4111-8111-000000000001','22222222-2222-4222-8222-000000000002','سماعات سوني WH-1000XM5','سماعات عازلة للضوضاء، جديدة.','new','سماعات أخرى','active',true,false,51),
  ('44444444-4444-4444-8444-000000000034','aaaaaaaa-aaaa-4aaa-8aaa-000000000003','33333333-3333-4333-8333-000000000004','11111111-1111-4111-8111-000000000002','22222222-2222-4222-8222-000000000009','مكنسة دايسون','Dyson vacuum, completed swap demo.','used','مكواة بخار','completed',false,false,67),
  ('44444444-4444-4444-8444-000000000035','aaaaaaaa-aaaa-4aaa-8aaa-000000000004','33333333-3333-4333-8333-000000000002','11111111-1111-4111-8111-000000000003','22222222-2222-4222-8222-000000000016','مكتبة خشب','مكتبة كتب خشب 5 أرفف.','used','خزانة ملابس','active',false,false,20),
  ('44444444-4444-4444-8444-000000000036','aaaaaaaa-aaaa-4aaa-8aaa-000000000005','33333333-3333-4333-8333-000000000010','11111111-1111-4111-8111-000000000004','22222222-2222-4222-8222-000000000020','آيباد برو 11','iPad Pro 11, 128GB, with pencil.','used','لابتوب','active',true,true,140),
  ('44444444-4444-4444-8444-000000000037','aaaaaaaa-aaaa-4aaa-8aaa-000000000006','33333333-3333-4333-8333-000000000003','11111111-1111-4111-8111-000000000001','22222222-2222-4222-8222-000000000005','نيسان باترول 2016','بحالة ممتازة، فل كامل.','used','GMC أو فرق','active',false,true,305),
  ('44444444-4444-4444-8444-000000000038','aaaaaaaa-aaaa-4aaa-8aaa-000000000007','33333333-3333-4333-8333-000000000025','11111111-1111-4111-8111-000000000002','22222222-2222-4222-8222-000000000010','عملات قديمة','Old coins collection.','used','طوابع نادرة','active',false,false,14),
  ('44444444-4444-4444-8444-000000000039','aaaaaaaa-aaaa-4aaa-8aaa-000000000008','33333333-3333-4333-8333-000000000005','11111111-1111-4111-8111-000000000005','22222222-2222-4222-8222-000000000025','عبايات جديدة','مجموعة عبايات بأحجام مختلفة.','new','ملابس','hidden',false,false,8),
  ('44444444-4444-4444-8444-000000000040','aaaaaaaa-aaaa-4aaa-8aaa-000000000009','33333333-3333-4333-8333-000000000024','11111111-1111-4111-8111-000000000006','22222222-2222-4222-8222-000000000030','طابعة ليزر','HP laser printer, works well.','used','سكانر','active',false,false,17),
  ('44444444-4444-4444-8444-000000000041','aaaaaaaa-aaaa-4aaa-8aaa-000000000010','33333333-3333-4333-8333-000000000023','11111111-1111-4111-8111-000000000003','22222222-2222-4222-8222-000000000017','أدوات سباكة','مجموعة أدوات سباكة جديدة.','new','دهانات','active',false,false,11),
  ('44444444-4444-4444-8444-000000000042','aaaaaaaa-aaaa-4aaa-8aaa-000000000011','33333333-3333-4333-8333-000000000012','11111111-1111-4111-8111-000000000004','22222222-2222-4222-8222-000000000021','نينتندو سويتش','Nintendo Switch OLED with games.','used','بلايستيشن أو ألعاب','active',false,false,72),
  ('44444444-4444-4444-8444-000000000043','aaaaaaaa-aaaa-4aaa-8aaa-000000000012','33333333-3333-4333-8333-000000000011','11111111-1111-4111-8111-000000000002','22222222-2222-4222-8222-000000000011','شاشة ألعاب 27 بوصة','Gaming monitor 144Hz (removed demo).','used','كيبورد وماوس','removed',false,false,39),
  ('44444444-4444-4444-8444-000000000044','aaaaaaaa-aaaa-4aaa-8aaa-000000000001','33333333-3333-4333-8333-000000000006','11111111-1111-4111-8111-000000000001','22222222-2222-4222-8222-000000000001','خاتم ذهب','خاتم ذهب عيار 21 بوزن جيد.','new','ساعة فاخرة','active',true,false,60)
on conflict (id) do nothing;

-- ── Listing images (placeholder URLs; replace with Storage URLs later) ───
insert into public.listing_images (id, listing_id, image_url, sort_order)
select
  ('55555555-5555-4555-8555-' || lpad(((l.n - 1) * 2 + img)::text, 12, '0'))::uuid,
  l.id,
  'https://picsum.photos/seed/swap-' || l.n || '-' || img || '/600/600',
  img
from (
  select id, row_number() over (order by created_at) as n
  from public.listings
  where id::text like '44444444-4444-4444-8444-%'
) l
cross join generate_series(0, 1) as img
on conflict (id) do nothing;

-- ════════════════════════════════════════════════════════════════════════
-- Follows
-- ════════════════════════════════════════════════════════════════════════
insert into public.follows (follower_id, following_id) values
  ('aaaaaaaa-aaaa-4aaa-8aaa-000000000003','aaaaaaaa-aaaa-4aaa-8aaa-000000000001'),
  ('aaaaaaaa-aaaa-4aaa-8aaa-000000000005','aaaaaaaa-aaaa-4aaa-8aaa-000000000001'),
  ('aaaaaaaa-aaaa-4aaa-8aaa-000000000006','aaaaaaaa-aaaa-4aaa-8aaa-000000000001'),
  ('aaaaaaaa-aaaa-4aaa-8aaa-000000000007','aaaaaaaa-aaaa-4aaa-8aaa-000000000001'),
  ('aaaaaaaa-aaaa-4aaa-8aaa-000000000002','aaaaaaaa-aaaa-4aaa-8aaa-000000000004'),
  ('aaaaaaaa-aaaa-4aaa-8aaa-000000000010','aaaaaaaa-aaaa-4aaa-8aaa-000000000004'),
  ('aaaaaaaa-aaaa-4aaa-8aaa-000000000001','aaaaaaaa-aaaa-4aaa-8aaa-000000000002'),
  ('aaaaaaaa-aaaa-4aaa-8aaa-000000000003','aaaaaaaa-aaaa-4aaa-8aaa-000000000002'),
  ('aaaaaaaa-aaaa-4aaa-8aaa-000000000009','aaaaaaaa-aaaa-4aaa-8aaa-000000000008'),
  ('aaaaaaaa-aaaa-4aaa-8aaa-000000000012','aaaaaaaa-aaaa-4aaa-8aaa-000000000008'),
  ('aaaaaaaa-aaaa-4aaa-8aaa-000000000005','aaaaaaaa-aaaa-4aaa-8aaa-000000000012'),
  ('aaaaaaaa-aaaa-4aaa-8aaa-000000000007','aaaaaaaa-aaaa-4aaa-8aaa-000000000012'),
  ('aaaaaaaa-aaaa-4aaa-8aaa-000000000002','aaaaaaaa-aaaa-4aaa-8aaa-000000000006'),
  ('aaaaaaaa-aaaa-4aaa-8aaa-000000000004','aaaaaaaa-aaaa-4aaa-8aaa-000000000006'),
  ('aaaaaaaa-aaaa-4aaa-8aaa-000000000011','aaaaaaaa-aaaa-4aaa-8aaa-000000000009')
on conflict do nothing;

-- ════════════════════════════════════════════════════════════════════════
-- Saved listings (bookmarks)
-- ════════════════════════════════════════════════════════════════════════
insert into public.saved_listings (user_id, listing_id) values
  ('aaaaaaaa-aaaa-4aaa-8aaa-000000000003','44444444-4444-4444-8444-000000000001'),
  ('aaaaaaaa-aaaa-4aaa-8aaa-000000000005','44444444-4444-4444-8444-000000000001'),
  ('aaaaaaaa-aaaa-4aaa-8aaa-000000000002','44444444-4444-4444-8444-000000000009'),
  ('aaaaaaaa-aaaa-4aaa-8aaa-000000000006','44444444-4444-4444-8444-000000000014'),
  ('aaaaaaaa-aaaa-4aaa-8aaa-000000000007','44444444-4444-4444-8444-000000000036'),
  ('aaaaaaaa-aaaa-4aaa-8aaa-000000000001','44444444-4444-4444-8444-000000000037'),
  ('aaaaaaaa-aaaa-4aaa-8aaa-000000000012','44444444-4444-4444-8444-000000000022'),
  ('aaaaaaaa-aaaa-4aaa-8aaa-000000000004','44444444-4444-4444-8444-000000000018'),
  ('aaaaaaaa-aaaa-4aaa-8aaa-000000000009','44444444-4444-4444-8444-000000000042'),
  ('aaaaaaaa-aaaa-4aaa-8aaa-000000000010','44444444-4444-4444-8444-000000000020'),
  ('aaaaaaaa-aaaa-4aaa-8aaa-000000000011','44444444-4444-4444-8444-000000000005'),
  ('aaaaaaaa-aaaa-4aaa-8aaa-000000000008','44444444-4444-4444-8444-000000000033')
on conflict do nothing;

-- ════════════════════════════════════════════════════════════════════════
-- Conversations + participants + messages (3 demo threads)
-- ════════════════════════════════════════════════════════════════════════
insert into public.conversations (id, listing_id) values
  ('66666666-6666-4666-8666-000000000001','44444444-4444-4444-8444-000000000001'),
  ('66666666-6666-4666-8666-000000000002','44444444-4444-4444-8444-000000000004'),
  ('66666666-6666-4666-8666-000000000003','44444444-4444-4444-8444-000000000003'),
  ('66666666-6666-4666-8666-000000000004','44444444-4444-4444-8444-000000000014'),
  ('66666666-6666-4666-8666-000000000005','44444444-4444-4444-8444-000000000018'),
  ('66666666-6666-4666-8666-000000000006','44444444-4444-4444-8444-000000000036'),
  ('66666666-6666-4666-8666-000000000007','44444444-4444-4444-8444-000000000022'),
  ('66666666-6666-4666-8666-000000000008','44444444-4444-4444-8444-000000000037')
on conflict (id) do nothing;

insert into public.conversation_participants (conversation_id, user_id) values
  ('66666666-6666-4666-8666-000000000001','aaaaaaaa-aaaa-4aaa-8aaa-000000000003'),
  ('66666666-6666-4666-8666-000000000001','aaaaaaaa-aaaa-4aaa-8aaa-000000000001'),
  ('66666666-6666-4666-8666-000000000002','aaaaaaaa-aaaa-4aaa-8aaa-000000000005'),
  ('66666666-6666-4666-8666-000000000002','aaaaaaaa-aaaa-4aaa-8aaa-000000000004'),
  ('66666666-6666-4666-8666-000000000003','aaaaaaaa-aaaa-4aaa-8aaa-000000000002'),
  ('66666666-6666-4666-8666-000000000003','aaaaaaaa-aaaa-4aaa-8aaa-000000000003'),
  ('66666666-6666-4666-8666-000000000004','aaaaaaaa-aaaa-4aaa-8aaa-000000000006'),
  ('66666666-6666-4666-8666-000000000004','aaaaaaaa-aaaa-4aaa-8aaa-000000000007'),
  ('66666666-6666-4666-8666-000000000005','aaaaaaaa-aaaa-4aaa-8aaa-000000000009'),
  ('66666666-6666-4666-8666-000000000005','aaaaaaaa-aaaa-4aaa-8aaa-000000000011'),
  ('66666666-6666-4666-8666-000000000006','aaaaaaaa-aaaa-4aaa-8aaa-000000000010'),
  ('66666666-6666-4666-8666-000000000006','aaaaaaaa-aaaa-4aaa-8aaa-000000000005'),
  ('66666666-6666-4666-8666-000000000007','aaaaaaaa-aaaa-4aaa-8aaa-000000000012'),
  ('66666666-6666-4666-8666-000000000007','aaaaaaaa-aaaa-4aaa-8aaa-000000000003'),
  ('66666666-6666-4666-8666-000000000008','aaaaaaaa-aaaa-4aaa-8aaa-000000000001'),
  ('66666666-6666-4666-8666-000000000008','aaaaaaaa-aaaa-4aaa-8aaa-000000000006')
on conflict do nothing;

insert into public.messages (id, conversation_id, sender_id, body, is_read) values
  ('77777777-7777-4777-8777-000000000001','66666666-6666-4666-8666-000000000001','aaaaaaaa-aaaa-4aaa-8aaa-000000000003','السلام عليكم، هل الآيفون متاح للتبادل؟',true),
  ('77777777-7777-4777-8777-000000000002','66666666-6666-4666-8666-000000000001','aaaaaaaa-aaaa-4aaa-8aaa-000000000001','وعليكم السلام، نعم متاح. وش عندك للمبادلة؟',true),
  ('77777777-7777-4777-8777-000000000003','66666666-6666-4666-8666-000000000001','aaaaaaaa-aaaa-4aaa-8aaa-000000000003','عندي سامسونج S23 بحالة ممتازة.',false),
  ('77777777-7777-4777-8777-000000000004','66666666-6666-4666-8666-000000000002','aaaaaaaa-aaaa-4aaa-8aaa-000000000005','Is the AC still available?',true),
  ('77777777-7777-4777-8777-000000000005','66666666-6666-4666-8666-000000000002','aaaaaaaa-aaaa-4aaa-8aaa-000000000004','نعم متاح، تبغى تبادله بإيش؟',false),
  ('77777777-7777-4777-8777-000000000006','66666666-6666-4666-8666-000000000003','aaaaaaaa-aaaa-4aaa-8aaa-000000000002','هل طقم غرفة النوم ما زال متوفر؟',false),
  ('77777777-7777-4777-8777-000000000007','66666666-6666-4666-8666-000000000004','aaaaaaaa-aaaa-4aaa-8aaa-000000000006','Hi, is the MacBook still available to swap?',true),
  ('77777777-7777-4777-8777-000000000008','66666666-6666-4666-8666-000000000004','aaaaaaaa-aaaa-4aaa-8aaa-000000000007','Yes! What do you have to offer?',false),
  ('77777777-7777-4777-8777-000000000009','66666666-6666-4666-8666-000000000005','aaaaaaaa-aaaa-4aaa-8aaa-000000000009','أبي أبادل البلايستيشن باكس بوكس، يناسبك؟',false),
  ('77777777-7777-4777-8777-000000000010','66666666-6666-4666-8666-000000000006','aaaaaaaa-aaaa-4aaa-8aaa-000000000010','هل الآيباد مع القلم؟',true),
  ('77777777-7777-4777-8777-000000000011','66666666-6666-4666-8666-000000000006','aaaaaaaa-aaaa-4aaa-8aaa-000000000005','Yes, Apple Pencil included.',false),
  ('77777777-7777-4777-8777-000000000012','66666666-6666-4666-8666-000000000007','aaaaaaaa-aaaa-4aaa-8aaa-000000000012','السلام عليكم، الساعة أصلية؟',false),
  ('77777777-7777-4777-8777-000000000013','66666666-6666-4666-8666-000000000008','aaaaaaaa-aaaa-4aaa-8aaa-000000000001','مهتم بالباترول، نتفاهم على الفرق؟',true),
  ('77777777-7777-4777-8777-000000000014','66666666-6666-4666-8666-000000000008','aaaaaaaa-aaaa-4aaa-8aaa-000000000006','أهلاً، أرسل عرضك وأشوف.',false)
on conflict (id) do nothing;

-- ════════════════════════════════════════════════════════════════════════
-- Reports (demo moderation queue)
-- ════════════════════════════════════════════════════════════════════════
insert into public.reports (id, reporter_id, target_type, target_id, reason, description, status) values
  ('88888888-8888-4888-8888-000000000001','aaaaaaaa-aaaa-4aaa-8aaa-000000000005','listing','44444444-4444-4444-8444-000000000007','spam','يبدو إعلان مكرر.','pending'),
  ('88888888-8888-4888-8888-000000000002','aaaaaaaa-aaaa-4aaa-8aaa-000000000002','user','aaaaaaaa-aaaa-4aaa-8aaa-000000000003','inappropriate','سلوك غير لائق في المحادثة.','pending'),
  ('88888888-8888-4888-8888-000000000003','aaaaaaaa-aaaa-4aaa-8aaa-000000000010','message','77777777-7777-4777-8777-000000000009','scam','محاولة احتيال محتملة.','reviewed'),
  ('88888888-8888-4888-8888-000000000004','aaaaaaaa-aaaa-4aaa-8aaa-000000000008','listing','44444444-4444-4444-8444-000000000039','inappropriate','محتوى غير مناسب.','resolved')
on conflict (id) do nothing;

-- ════════════════════════════════════════════════════════════════════════
-- Verification requests (manual admin workflow — no payment in MVP)
-- ════════════════════════════════════════════════════════════════════════
insert into public.verification_requests (id, user_id, listing_id, type, country_id, city_id, status, notes) values
  ('99999999-9999-4999-8999-000000000001','aaaaaaaa-aaaa-4aaa-8aaa-000000000003',null,'account','11111111-1111-4111-8111-000000000002','22222222-2222-4222-8222-000000000009','pending','طلب توثيق حساب.'),
  ('99999999-9999-4999-8999-000000000002','aaaaaaaa-aaaa-4aaa-8aaa-000000000005','44444444-4444-4444-8444-000000000009','item','11111111-1111-4111-8111-000000000004','22222222-2222-4222-8222-000000000020','pending','طلب توثيق منتج (بلايستيشن 5).'),
  ('99999999-9999-4999-8999-000000000003','aaaaaaaa-aaaa-4aaa-8aaa-000000000006',null,'account','11111111-1111-4111-8111-000000000001','22222222-2222-4222-8222-000000000005','approved','تم توثيق الحساب.'),
  ('99999999-9999-4999-8999-000000000004','aaaaaaaa-aaaa-4aaa-8aaa-000000000011','44444444-4444-4444-8444-000000000042','item','11111111-1111-4111-8111-000000000004','22222222-2222-4222-8222-000000000021','rejected','الصور غير كافية.'),
  ('99999999-9999-4999-8999-000000000005','aaaaaaaa-aaaa-4aaa-8aaa-000000000008',null,'account','11111111-1111-4111-8111-000000000005','22222222-2222-4222-8222-000000000024','completed','اكتمل التوثيق.')
on conflict (id) do nothing;

-- ════════════════════════════════════════════════════════════════════════
-- Admin actions (audit log examples — admin = ahmed)
-- ════════════════════════════════════════════════════════════════════════
insert into public.admin_actions (id, admin_id, action_type, target_type, target_id, notes) values
  ('aaaa0000-0000-4000-8000-000000000001','aaaaaaaa-aaaa-4aaa-8aaa-000000000001','update_report','report','88888888-8888-4888-8888-000000000004','resolved'),
  ('aaaa0000-0000-4000-8000-000000000002','aaaaaaaa-aaaa-4aaa-8aaa-000000000001','update_verification','verification','99999999-9999-4999-8999-000000000003','approved'),
  ('aaaa0000-0000-4000-8000-000000000003','aaaaaaaa-aaaa-4aaa-8aaa-000000000001','update_listing','listing','44444444-4444-4444-8444-000000000039','hidden')
on conflict (id) do nothing;
